﻿<?xml version="1.0"?>
<doc>
<assembly>
<name>
ScoreBoard
</name>
</assembly>
<members>
<member name="T:ScoreBoard.My.Resources.Resources">
<summary>
  A strongly-typed resource class, for looking up localized strings, etc.
</summary>
</member>
<member name="P:ScoreBoard.My.Resources.Resources.ResourceManager">
<summary>
  Returns the cached ResourceManager instance used by this class.
</summary>
</member>
<member name="P:ScoreBoard.My.Resources.Resources.Culture">
<summary>
  Overrides the current thread's CurrentUICulture property for all
  resource lookups using this strongly typed resource class.
</summary>
</member>
<member name="P:ScoreBoard.My.Resources.Resources.dpnkwabotttfihp7gf3r">
<summary>
  Looks up a localized resource of type System.Drawing.Bitmap.
</summary>
</member>
<member name="P:ScoreBoard.My.Resources.Resources.imgonline_com_ua_ReplaceColor_f6EkEWwTEpo_removebg_preview">
<summary>
  Looks up a localized resource of type System.Drawing.Bitmap.
</summary>
</member>
<member name="P:ScoreBoard.My.Resources.Resources.imgonline_com_ua_ReplaceColor_uFvq1LsKrbASyySG_removebg_preview">
<summary>
  Looks up a localized resource of type System.Drawing.Bitmap.
</summary>
</member>
<member name="P:ScoreBoard.My.Resources.Resources.kok_removebg_preview">
<summary>
  Looks up a localized resource of type System.Drawing.Bitmap.
</summary>
</member>
<member name="P:ScoreBoard.My.Resources.Resources.pngegg">
<summary>
  Looks up a localized resource of type System.Drawing.Bitmap.
</summary>
</member>
<member name="P:ScoreBoard.My.Resources.Resources.time1">
<summary>
  Looks up a localized resource of type System.Drawing.Bitmap.
</summary>
</member>
</members>
</doc>
